Type,Name,Request Count,Failure Count,Median Response Time,Average Response Time,Min Response Time,Max Response Time,Average Content Size,Requests/s,Failures/s,50%,66%,75%,80%,90%,95%,98%,99%,99.9%,99.99%,100%
POST,short,5,0,27000,27247.711480001453,4382.4892999837175,49649.91140004713,646.6,0.10069725997742326,0.0,27000,38000,38000,50000,50000,50000,50000,50000,50000,50000,50000
,Aggregated,5,0,27000,27247.711480001453,4382.4892999837175,49649.91140004713,646.6,0.10069725997742326,0.0,27000,38000,38000,50000,50000,50000,50000,50000,50000,50000,50000
