Type,Name,Request Count,Failure Count,Median Response Time,Average Response Time,Min Response Time,Max Response Time,Average Content Size,Requests/s,Failures/s,50%,66%,75%,80%,90%,95%,98%,99%,99.9%,99.99%,100%
POST,long-rag,1,0,51209.733800031245,51209.733800031245,51209.733800031245,51209.733800031245,1156.0,0.01879542977929854,0.0,51000,51000,51000,51000,51000,51000,51000,51000,51000,51000,51000
POST,short,2,0,13374.444300017785,18790.972750022775,13374.444300017785,24207.501200027764,695.5,0.03759085955859708,0.0,24000,24000,24000,24000,24000,24000,24000,24000,24000,24000,24000
,Aggregated,3,0,24000,29597.22643335893,13374.444300017785,51209.733800031245,849.0,0.05638628933789562,0.0,24000,24000,51000,51000,51000,51000,51000,51000,51000,51000,51000
