Type,Name,Request Count,Failure Count,Median Response Time,Average Response Time,Min Response Time,Max Response Time,Average Content Size,Requests/s,Failures/s,50%,66%,75%,80%,90%,95%,98%,99%,99.9%,99.99%,100%
POST,long-rag,3,0,46000,40951.01800000217,30275.150800007395,46834.21780000208,1289.0,0.051896064196494895,0.0,46000,46000,47000,47000,47000,47000,47000,47000,47000,47000,47000
POST,short,10,0,28000,28606.73930000048,19349.855799984653,42611.7840000079,1066.7,0.17298688065498297,0.0,28000,29000,36000,36000,43000,43000,43000,43000,43000,43000,43000
,Aggregated,13,0,29000,31455.41900000087,19349.855799984653,46834.21780000208,1118.0,0.22488294485147786,0.0,29000,36000,36000,43000,46000,47000,47000,47000,47000,47000,47000
